date,home_team,away_team,home_score,away_score,tournament,neutral,score_basis
2020-01-01,Argentina,Brazil,2,0,International Friendly,True,regulation_time
2020-01-04,Brazil,France,1,1,International Friendly,True,regulation_time
2020-01-07,France,Germany,0,2,International Friendly,True,regulation_time
2020-01-10,Germany,Argentina,2,0,International Friendly,True,regulation_time
2020-01-13,Argentina,France,1,1,International Friendly,True,regulation_time
2020-01-16,Brazil,Germany,0,2,International Friendly,True,regulation_time
2020-01-19,France,Argentina,2,0,International Friendly,True,regulation_time
2020-01-22,Germany,Brazil,1,1,International Friendly,True,regulation_time
2020-01-25,Argentina,Germany,0,2,International Friendly,True,regulation_time
2020-01-28,Brazil,Argentina,2,0,International Friendly,True,regulation_time
2020-01-31,France,Brazil,1,1,International Friendly,True,regulation_time
2020-02-03,Germany,France,0,2,International Friendly,True,regulation_time
2020-02-06,Argentina,Brazil,2,0,International Friendly,True,regulation_time
2020-02-09,Brazil,France,1,1,International Friendly,True,regulation_time
2020-02-12,France,Germany,0,2,International Friendly,True,regulation_time
2020-02-15,Germany,Argentina,2,0,International Friendly,True,regulation_time
2020-02-18,Argentina,France,1,1,International Friendly,True,regulation_time
2020-02-21,Brazil,Germany,0,2,International Friendly,True,regulation_time
2020-02-24,France,Argentina,2,0,International Friendly,True,regulation_time
2020-02-27,Germany,Brazil,1,1,International Friendly,True,regulation_time
2020-03-01,Argentina,Germany,0,2,International Friendly,True,regulation_time
2020-03-04,Brazil,Argentina,2,0,International Friendly,True,regulation_time
2020-03-07,France,Brazil,1,1,International Friendly,True,regulation_time
2020-03-10,Germany,France,0,2,International Friendly,True,regulation_time
2020-03-13,Argentina,Brazil,2,0,International Friendly,True,regulation_time
2020-03-16,Brazil,France,1,1,International Friendly,True,regulation_time
2020-03-19,France,Germany,0,2,International Friendly,True,regulation_time
2020-03-22,Germany,Argentina,2,0,International Friendly,True,regulation_time
2020-03-25,Argentina,France,1,1,International Friendly,True,regulation_time
2020-03-28,Brazil,Germany,0,2,International Friendly,True,regulation_time
2020-03-31,France,Argentina,2,0,International Friendly,True,regulation_time
2020-04-03,Germany,Brazil,1,1,International Friendly,True,regulation_time
2020-04-06,Argentina,Germany,0,2,International Friendly,True,regulation_time
2020-04-09,Brazil,Argentina,2,0,International Friendly,True,regulation_time
2020-04-12,France,Brazil,1,1,International Friendly,True,regulation_time
2020-04-15,Germany,France,0,2,International Friendly,True,regulation_time
2020-04-18,Argentina,Brazil,2,0,International Friendly,True,regulation_time
2020-04-21,Brazil,France,1,1,International Friendly,True,regulation_time
2020-04-24,France,Germany,0,2,International Friendly,True,regulation_time
2020-04-27,Germany,Argentina,2,0,International Friendly,True,regulation_time
2020-04-30,Argentina,France,1,1,International Friendly,True,regulation_time
2020-05-03,Brazil,Germany,0,2,International Friendly,True,regulation_time
2020-05-06,France,Argentina,2,0,International Friendly,True,regulation_time
2020-05-09,Germany,Brazil,1,1,International Friendly,True,regulation_time
2020-05-12,Argentina,Germany,0,2,International Friendly,True,regulation_time
2020-05-15,Brazil,Argentina,2,0,International Friendly,True,regulation_time
2020-05-18,France,Brazil,1,1,International Friendly,True,regulation_time
2020-05-21,Germany,France,0,2,International Friendly,True,regulation_time
